Keyword,Volume
toán lớp 1,1000
toán lớp 2,800
bài tập toán lớp 1,500
giải toán lớp 1,400
tiếng việt lớp 1,1200
học vần lớp 1,300
iphone 13,5000
iphone 13 pro max,4000
samsung s21,2000
samsung galaxy s21,1500
mua iphone 13 ở đâu,100
giá iphone 13,200
cách nấu phở bò,500
cách làm phở gà,400
quán phở ngon hà nội,300
du lịch đà nẵng,1000
kinh nghiệm đi đà nẵng,800
khách sạn đà nẵng,600
vé máy bay đi đà nẵng,500
bất động sản quận 9,200
mua nhà quận 9,150
bán đất quận 9,100
chung cư quận 9,300
vinhome grand park,1000
vinhomes quận 9,800
học lập trình python,500
khóa học python cơ bản,300
python cho người mới bắt đầu,200
lập trình java,400
khóa học java,250
tự học java,150
bệnh đau lưng,1000
cách chữa đau lưng,800
thuốc trị đau lưng,600
bài tập chữa đau lưng,500
đau vai gáy,900
nguyên nhân đau vai gáy,700
cách trị đau vai gáy,600
xe máy honda,2000
giá xe honda vision,1500
honda lead 2024,1200
xe máy yamaha,1800
giá xe exciter 155,1000
yamaha grande,800
làm đẹp da mặt,1000
cách trị mụn,2000
kem trị mụn hiệu quả,1500
sữa rửa mặt trị mụn,1200
chăm sóc da dầu,800
quy trình skincare,700
đầu tư chứng khoán,3000
hướng dẫn chơi chứng khoán,2500
mở tài khoản chứng khoán,2000
bảng giá chứng khoán,1800
cổ phiếu vnm,1000
cổ phiếu fpt,1200
phim hành động hay,5000
phim chiếu rạp 2024,4000
review phim mai,3000
lịch chiếu phim cgv,2500
đặt vé xem phim,2000
món ngon mỗi ngày,3000
thực đơn hàng ngày,2500
cách làm sườn xào chua ngọt,1500
cách kho thịt ngon,1200
cách nấu canh chua,1000
thiết kế nội thất chung cư,800
mẫu phòng khách đẹp,600
thiết kế phòng ngủ nhỏ,500
báo giá thi công nội thất,400
tủ bếp đẹp,300
học tiếng anh giao tiếp,2000
tự học tiếng anh tại nhà,1500
luyện nghe tiếng anh,1200
từ vựng tiếng anh theo chủ đề,1000
ngữ pháp tiếng anh cơ bản,800
tập gym giảm cân,1000
lịch tập gym cho nam,800
chế độ ăn cho người tập gym,600
các bài tập ngực,500
các bài tập bụng,400
du lịch sapa,1500
kinh nghiệm đi sapa,1200
khách sạn sapa view đẹp,800
xe đi sapa,600
combo sapa giá rẻ,500
iphone 15 pro max,8000
iphone 15 giá bao nhiêu,6000
đánh giá iphone 15,4000
so sánh iphone 14 và 15,3000
màu iphone 15,2500
laptop gaming giá rẻ,1000
laptop dell xps,800
macbook air m1,1500
macbook pro m2,1200
asus rog strix,600
bảo hiểm nhân thọ,2000
bảo hiểm manulife,1500
bảo hiểm prudential,1200
có nên mua bảo hiểm nhân thọ,1000
quyền lợi bảo hiểm y tế,800
vay tiền online nhanh,3000
vay tín chấp ngân hàng,2000
lãi suất vay ngân hàng,1500
vay tiền cmnd,1000
app vay tiền uy tín,800
chó poodle giá bao nhiêu,1000
cách nuôi chó con,800
thức ăn cho mèo,600
cát vệ sinh cho mèo,500
shop thú cưng tphcm,400
trang trí tiệc cưới,500
chụp ảnh cưới đẹp,800
váy cưới đẹp,600
nhẫn cưới vàng 18k,400
địa điểm tổ chức tiệc cưới,300
sửa chữa điện nước tại nhà,500
thợ sửa ống nước,300
dịch vụ chống thấm,400
sửa máy lạnh giá rẻ,600
vệ sinh máy giặt,500
học marketing online,1000
khóa học seo,800
chạy quảng cáo facebook,1200
quảng cáo google ads,1000
content marketing là gì,600
game mobile hay,2000
tải game liên quân,1500
cách chơi pubg mobile,1000
code free fire,800
nạp thẻ game,600
tin tức bóng đá,5000
lịch thi đấu ngoại hạng anh,4000
kết quả bóng đá hôm nay,3000
bảng xếp hạng v-league,2000
trực tiếp bóng đá k+,1500
thời tiết hà nội hôm nay,10000
dự báo thời tiết 3 ngày tới,5000
thời tiết đà nẵng,3000
thời tiết sài gòn,4000
bão số 1,2000
giá vàng hôm nay,8000
giá vàng sjc,5000
biểu đồ giá vàng,3000
dự báo giá vàng,2000
mua vàng ở đâu uy tín,1000
xổ số miền bắc,10000
kết quả xổ số hôm nay,8000
soi cầu xsmb,5000
thống kê giải đặc biệt,3000
quay thử xổ số,2000
truyện tranh ngôn tình,2000
đọc truyện tranh online,1500
truyện tranh hàn quốc,1000
manhwa hay,800
truyện tranh đam mỹ,600
nhạc trẻ hay nhất hiện nay,3000
nghe nhạc sơn tùng,2000
lời bài hát em của ngày hôm qua,1000
tải nhạc mp3 miễn phí,1500
nhạc chill tiktok,1200
cách giảm cân nhanh,2000
thực đơn giảm cân 7 ngày,1500
bài tập giảm mỡ bụng,1200
thuốc giảm cân an toàn,1000
trà giảm cân,800
trang điểm cô dâu,500
cách kẻ mắt nước,400
son môi đẹp,1000
phấn nước cushion,800
review mỹ phẩm,1200
xe ô tô vinfast,2000
giá xe vinfast vf8,1500
vinfast vf3 khi nào ra mắt,1200
đại lý vinfast,800
trạm sạc vinfast,600
học đàn guitar,1000
hợp âm guitar cơ bản,800
cách bấm hợp âm,600
mua đàn guitar giá rẻ,500
khóa học piano,400
quà tặng sinh nhật,1000
quà tặng bạn gái,800
quà tặng mẹ,600
shop quà lưu niệm,500
gấu bông đẹp,400
dịch vụ chuyển nhà trọn gói,500
thuê xe tải chở hàng,400
chuyển văn phòng giá rẻ,300
dịch vụ dọn vệ sinh công nghiệp,200
giặt ghế sofa tại nhà,150
máy lọc nước karofi,1000
máy lọc nước kangaroo,800
thay lõi lọc nước,600
máy lọc nước ion kiềm,500
giá máy lọc nước,400
bếp từ bosch,500
bếp từ sunhouse,400
nồi chiên không dầu,1000
lò vi sóng sharp,800
máy rửa bát bosch,600
thiết kế logo giá rẻ,300
thiết kế website chuyên nghiệp,500
dịch vụ seo từ khóa,400
viết bài chuẩn seo,600
quản trị fanpage,300
học bổng du học mỹ,500
điều kiện du học úc,400
chi phí du học canada,300
trung tâm tư vấn du học,200
thi ielts ở đâu,1000
luyện thi toeic,800
đề thi thử thpt quốc gia,2000
điểm chuẩn đại học 2024,3000
tra cứu điểm thi,2500
ngành công nghệ thông tin,1500
tuyển sinh đại học fpt,1000
việc làm thêm cho sinh viên,1000
tuyển dụng nhân viên kinh doanh,800
việc làm kế toán,600
tuyển dụng it,500
việc làm tại nhà,1200
cách viết cv xin việc,1000
mẫu đơn xin việc,800
phỏng vấn xin việc,600
kỹ năng mềm là gì,500
kỹ năng giao tiếp,700
phong thủy nhà ở,1000
xem ngày tốt xấu,2000
tử vi 12 con giáp,3000
xem tuổi làm nhà,1500
vật phẩm phong thủy,800
cây cảnh để bàn,1000
cây kim tiền,800
cây lưỡi hổ,600
cách chăm sóc lan hồ điệp,500
chậu cây cảnh đẹp,400
đèn năng lượng mặt trời,1000
pin năng lượng mặt trời,800
lắp đặt điện mặt trời,600
giá tấm pin mặt trời,500
inverter hòa lưới,300
máy hút bụi cầm tay,1000
robot hút bụi xiaomi,800
máy lau nhà thông minh,600
review robot hút bụi,500
máy hút bụi dyson,400
đồng hồ nam đẹp,1000
đồng hồ casio chính hãng,800
đồng hồ thông minh apple watch,1200
đồng hồ nữ thời trang,600
sửa đồng hồ uy tín,300
giày sneaker nam,2000
giày nike chính hãng,1500
giày adidas ultra boost,1000
giày bitis hunter,800
shop giày đẹp,600
áo thun nam,1500
áo sơ mi trắng nữ,1000
quần jean nam,800
váy đầm dự tiệc,1200
shop quần áo online,2000
túi xách nữ hàng hiệu,1000
ví da nam,800
balo laptop,600
vali du lịch,500
thắt lưng nam,400
kính mắt thời trang,800
gọng kính cận đẹp,600
kính râm nam,500
đo mắt miễn phí,300
cắt kính cận giá rẻ,400
nước hoa nam,1000
nước hoa chanel,800
nước hoa charme,600
cách xịt nước hoa đúng cách,500
review nước hoa,400
son black rouge,1000
son 3ce,800
son mac,600
bảng màu son,500
cách đánh son lòng môi,300
kem chống nắng anessa,1000
kem chống nắng la roche posay,800
kem chống nắng cho da dầu,1200
review kem chống nắng,600
cách bôi kem chống nắng,500
sữa tắm trắng da,1000
dầu gội trị gàu,800
dầu xả tóc,600
sữa dưỡng thể,500
tẩy tế bào chết body,400
thực phẩm chức năng úc,500
vitamin c,1000
omega 3,800
collagen uống,600
viên uống trắng da,400
máy đo huyết áp omron,500
máy đo đường huyết,400
nhiệt kế điện tử,600
cân sức khỏe,300
ghế massage toàn thân,200
yoga cho người mới bắt đầu,1000
thiền định là gì,500
nhạc thiền dễ ngủ,800
lớp học yoga,300
thảm tập yoga,400
chạy bộ đúng cách,1000
giày chạy bộ,800
lịch chạy bộ giảm cân,600
đồng hồ chạy bộ,400
giải marathon,200
bơi lội giảm cân,500
kỹ thuật bơi ếch,400
kính bơi,300
hồ bơi sạch đẹp,200
học bơi ở đâu,150
cầu lông,1000
vợt cầu lông yonex,800
giày cầu lông,600
luật chơi cầu lông,500
sân cầu lông gần đây,400
bóng bàn,500
vợt bóng bàn,300
bàn bóng bàn,200
kỹ thuật đánh bóng bàn,150
câu lạc bộ bóng bàn,100
tennis,800
vợt tennis wilson,500
giày tennis,400
học tennis cơ bản,300
sân tennis,200
golf,1000
gậy golf,800
sân golf,600
học chơi golf,400
trang phục golf,300
câu cá giải trí,1000
cần câu máy,800
mồi câu cá,600
hồ câu dịch vụ,400
kỹ thuật câu đài,300
leo núi nhân tạo,200
đồ leo núi,150
giày leo núi,100
địa điểm cắm trại,500
lều cắm trại,400
bếp nướng dã ngoại,300
thuê lều cắm trại,200
kinh nghiệm cắm trại qua đêm,150
phượt xe máy,1000
đồ bảo hộ xe máy,500
mũ bảo hiểm fullface,400
camera hành trình xe máy,300
cung đường phượt đẹp,200
chụp ảnh phong cảnh,500
máy ảnh canon,400
ống kính máy ảnh,300
kỹ thuật chụp ảnh,200
chỉnh sửa ảnh lightroom,150
học vẽ cơ bản,500
dụng cụ vẽ tranh,300
màu nước,200
vẽ tranh phong cảnh,150
lớp học vẽ cho bé,100
làm đồ handmade,1000
cách làm hoa giấy,500
quà tặng handmade,400
nguyên liệu làm handmade,300
ý tưởng kinh doanh handmade,200
nuôi cá cảnh,1000
bể cá thủy sinh,800
cá bảy màu,600
thức ăn cho cá,400
máy lọc nước hồ cá,300
trồng rau sạch tại nhà,1000
hạt giống rau,500
đất trồng rau,400
phân bón hữu cơ,300
chậu trồng rau thông minh,200
chăm sóc thú cưng,1000
bệnh viện thú y,500
spa thú cưng,300
khách sạn chó mèo,200
huấn luyện chó,150
đọc sách hiệu quả,500
sách hay nên đọc,1000
review sách,800
mua sách online,600
nhà sách gần đây,400
viết blog kiếm tiền,500
tạo website wordpress,400
viết content chuẩn seo,300
kiếm tiền online mm,200
affiliate marketing,150
học lập trình web,1000
html css cơ bản,800
javascript nâng cao,600
reactjs tutorial,400
nodejs backend,300
học thiết kế đồ họa,800
photoshop cơ bản,600
illustrator tutorial,400
thiết kế banner,300
học ui ux,200
học tiếng trung,1000
tự học tiếng trung,800
từ vựng tiếng trung,600
ngữ pháp tiếng trung,400
luyện nghe tiếng trung,300
học tiếng nhật,1000
bảng chữ cái tiếng nhật,800
tự học tiếng nhật n5,600
ngữ pháp tiếng nhật,400
luyện thi jlpt,300
học tiếng hàn,1000
bảng chữ cái tiếng hàn,800
tự học tiếng hàn sơ cấp,600
từ vựng tiếng hàn,400
phim hàn quốc vietsub,300
du lịch thái lan,1500
kinh nghiệm đi thái lan,1000
vé máy bay đi thái lan,800
khách sạn bangkok,600
tour thái lan giá rẻ,400
du lịch nhật bản,1200
visa nhật bản,800
vé máy bay đi nhật,600
tour nhật bản,400
kinh nghiệm du lịch nhật bản,300
du lịch hàn quốc,1200
visa hàn quốc,800
vé máy bay đi hàn,600
tour hàn quốc,400
địa điểm du lịch hàn quốc,300
du lịch châu âu,800
visa schengen,600
tour châu âu cao cấp,400
kinh nghiệm du lịch châu âu,300
vé máy bay đi pháp,200
du lịch phú quốc,2000
kinh nghiệm đi phú quốc,1500
khách sạn phú quốc,1000
vé máy bay đi phú quốc,800
tour phú quốc 3 ngày 2 đêm,600
du lịch nha trang,2000
kinh nghiệm đi nha trang,1500
khách sạn nha trang,1000
vinpearl nha trang,800
tour đảo nha trang,600
du lịch đà lạt,3000
kinh nghiệm đi đà lạt,2000
homestay đà lạt đẹp,1500
địa điểm check in đà lạt,1000
quán cafe đẹp đà lạt,800
du lịch quy nhơn,1000
kinh nghiệm đi quy nhơn,800
khách sạn quy nhơn,600
eo gió quy nhơn,400
kỳ co quy nhơn,300
du lịch huế,1000
kinh nghiệm đi huế,800
đại nội huế,600
món ngon ở huế,400
khách sạn huế,300
du lịch hội an,1500
phố cổ hội an,1000
đèn lồng hội an,600
bánh mì phượng,400
nước mót hội an,300
du lịch sài gòn,2000
địa điểm vui chơi sài gòn,1500
quán ăn ngon sài gòn,1000
chợ bến thành,600
phố đi bộ nguyễn huệ,400
du lịch hà nội,2000
địa điểm tham quan hà nội,1500
phở hà nội,1000
hồ gươm,600
lăng bác,400
du lịch miền tây,1000
chợ nổi cái răng,600
vườn trái cây miền tây,400
tour miền tây 1 ngày,300
đặc sản miền tây,200
du lịch vũng tàu,2000
bãi sau vũng tàu,1000
hải sản vũng tàu,800
khách sạn vũng tàu,600
xe đi vũng tàu,400
du lịch phan thiết,1000
mũi né phan thiết,800
đồi cát bay,400
resort mũi né,300
hải sản phan thiết,200
du lịch côn đảo,500
vé tàu đi côn đảo,300
nhà tù côn đảo,200
mộ cô sáu,150
khách sạn côn đảo,100
du lịch hạ long,1500
vịnh hạ long,1000
du thuyền hạ long,600
sun world hạ long,400
khách sạn hạ long,300
du lịch ninh bình,1000
tràng an ninh bình,800
chùa bái đính,600
hang múa,400
tam cốc bích động,300
du lịch quảng bình,800
động phong nha,600
hang sơn đoòng,200
biển nhật lệ,300
đặc sản quảng bình,150
du lịch quảng ninh,1000
yên tử,500
đảo cô tô,300
quan lạn,200
bình liêu,100
du lịch hải phòng,1000
đồ sơn,500
cát bà,400
food tour hải phòng,300
bánh đa cua,200
du lịch lào cai,500
bắc hà,300
y tý,200
chợ phiên vùng cao,150
đặc sản lào cai,100
du lịch hà giang,1000
cao nguyên đá đồng văn,600
mã pí lèng,400
sông nho quế,300
hoa tam giác mạch,200
du lịch cao bằng,500
thác bản giốc,300
hang pác bó,200
suối lê nin,150
đặc sản cao bằng,100
du lịch bắc kạn,300
hồ ba bể,200
vườn quốc gia ba bể,150
đặc sản bắc kạn,100
du lịch lạng sơn,400
đỉnh mẫu sơn,200
chợ đông kinh,150
đền mẫu đồng đăng,100
vịt quay lạng sơn,50
du lịch tuyên quang,300
hồ na hang,200
suối khoáng mỹ lâm,150
lễ hội thành tuyên,100
đặc sản tuyên quang,50
du lịch thái nguyên,400
hồ núi cốc,200
đồi chè tân cương,150
bảo tàng văn hóa các dân tộc việt nam,100
đặc sản thái nguyên,50
du lịch phú thọ,300
đền hùng,200
vườn quốc gia xuân sơn,100
đặc sản phú thọ,50
du lịch bắc giang,300
khu bảo tồn tây yên tử,150
vải thiều lục ngạn,100
đặc sản bắc giang,50
du lịch bắc ninh,400
chùa phật tích,200
đền đô,150
làng tranh đông hồ,100
quan họ bắc ninh,50
du lịch hưng yên,300
phố hiến,150
chùa chuông,100
nhãn lồng hưng yên,50
du lịch hải dương,300
côn sơn kiếp bạc,150
bánh đậu xanh,100
đặc sản hải dương,50
du lịch nam định,400
nhà thờ đổ hải lý,200
chùa cổ lễ,100
phở bò nam định,100
du lịch thái bình,300
biển đồng châu,150
chùa keo,100
bánh cáy thái bình,50
du lịch hà nam,300
chùa tam chúc,200
nhà bá kiến,50
cá kho làng vũ đại,50
du lịch ninh thuận,500
vịnh vĩnh hy,300
tháp chàm,100
nho ninh thuận,100
du lịch bình thuận,800
cù lao câu,200
đảo phú quý,300
thanh long bình thuận,100
du lịch gia lai,400
biển hồ tơ nưng,200
chùa minh thành,100
phở khô gia lai,50
du lịch đắk lắk,500
buôn đôn,200
thác dray nur,150
bảo tàng thế giới cà phê,100
cà phê buôn ma thuột,50
du lịch lâm đồng,2000
bảo lộc,300
thác dambri,100
chè bảo lộc,50
du lịch đắk nông,300
hồ tà đùng,150
thác liêng nung,50
cà phê đắk nông,50
du lịch kon tum,300
nhà thờ gỗ kon tum,100
cầu treo kon klor,50
măng đen,150
du lịch bình phước,300
trảng cỏ bù lạch,100
núi bà rá,50
hạt điều bình phước,50
du lịch tây ninh,500
núi bà đen,300
tòa thánh tây ninh,100
bánh tráng phơi sương,50
du lịch bình dương,500
khu du lịch đại nam,300
chùa bà thiên hậu,100
gốm sứ bình dương,50
du lịch đồng nai,500
khu du lịch bửu long,200
thác giang điền,150
vườn quốc gia cát tiên,100
du lịch long an,300
làng nổi tân lập,150
công viên 7 kỳ quan,50
rượu gò đen,50
du lịch tiền giang,500
chùa vĩnh tràng,200
trại rắn đồng tâm,100
hủ tiếu mỹ tho,100
du lịch bến tre,500
cồn phụng,200
vườn trái cây cái mơn,150
kẹo dừa bến tre,100
du lịch trà vinh,300
ao bà om,100
biển ba động,50
bánh canh bến có,50
du lịch vĩnh long,300
cù lao an bình,150
chợ nổi trà ôn,50
bưởi năm roi,50
du lịch đồng tháp,400
làng hoa sa đéc,200
vườn quốc gia tràm chim,100
nem lai vung,50
du lịch an giang,500
rừng tràm trà sư,200
miếu bà chúa xứ,150
núi cấm,100
du lịch kiên giang,1000
hà tiên,300
quần đảo nam du,200
nước mắm phú quốc,100
du lịch cần thơ,800
bến ninh kiều,400
nhà cổ bình thủy,200
lẩu mắm cần thơ,100
du lịch hậu giang,300
chợ nổi ngã bảy,100
khu bảo tồn thiên nhiên lung ngọc hoàng,50
cá thát lát,50
du lịch sóc trăng,400
chùa dơi,200
chùa chén kiểu,100
bánh pía sóc trăng,50
du lịch bạc liêu,300
nhà công tử bạc liêu,150
cánh đồng điện gió,100
bánh xèo bạc liêu,50
du lịch cà mau,500
đất mũi cà mau,300
rừng u minh hạ,100
cua cà mau,100
